<?xml version="1.0"?>
<pagescount>
	<html_total>1</html_total>
	<html_done>1</html_done>
	<images/>
	<script>1</script>
	<css>1</css>
	<pdf/>
	<documents/>
	<excel/>
	<powerpoint/>
	<flash/>
	<audios/>
	<videos/>
	<xml/>
	<json/>
	<txt/>
	<autocad/>
	<model_3d/>
	<fonts/>
	<scraping_reload>1</scraping_reload>
	<is_pretty_url>false</is_pretty_url>
	<has_trailing_slash>false</has_trailing_slash>
	<is_ebn>false</is_ebn>
	<email>vanquy0502hcm@gmail.com</email>
	<theme_name>WmdTheme322193</theme_name>
	<server_url_front_page>http://www4.waybackmachinedownloader.com/scraping/files/demo/po.qthang.net_vanquy0502hcm_gmail.com_56bse1jpm2/</server_url_front_page>
	<no_www_url>po.qthang.net</no_www_url>
	<hosted_domain/>
	<original_archive_url>https://web.archive.org/web/20250424190422/https://po.qthang.net/</original_archive_url>
	<final_archive_url>https://web.archive.org/web/20250424190422/https://po.qthang.net/</final_archive_url>
	<front_page_code_date>20250424190422</front_page_code_date>
	<total_urls_from_api/>
	<max_reached_live>false</max_reached_live>
	<scrape_other_captures>false</scrape_other_captures>
	<total_size>244</total_size>
</pagescount>
